epochs,lr,weight_decay,momentum,accuracy
30000,0.01,0.001,0.1,0.975206611570248
30000,0.01,0.0001,0.1,0.975206611570248
30000,0.01,1e-05,0.8,0.8760330578512396
