epochs,lr,weight_decay,momentum,lr_decay,correct_predictions,accuracy
60000,0.0005,0.01,0.8,0.98,"[1, 2, 3, 5, 6, 7, 8, 9, 10]",0.8181818181818182
60000,0.0005,0.05,0.7,0.98,"[2, 3, 4, 5, 6, 7, 8, 9, 10]",0.8181818181818182
60000,0.005,0.05,0.7,0.9,"[2, 3, 4, 5, 6, 7, 8, 9, 10]",0.8181818181818182
60000,0.0025,0.05,0.7,0.9,"[2, 3, 4, 5, 6, 7, 8, 9, 10]",0.8181818181818182
60000,0.0025,0.05,0.2,0.9,"[2, 3, 4, 6, 7, 8, 9, 10]",0.7272727272727273
60000,0.0025,0.05,0.5,0.9,"[2, 3, 4, 5, 6, 7, 8, 9, 10]",0.8181818181818182
